"Includes Amazon Marketplace, Fulfillment by Amazon (FBA), and Amazon Webstore transactions"
"All amounts in local currency, unless specified"
Definitions:
date/time: posted date/time of the transaction
Selling fees: Includes variable closing fees and referral fees.
Other transaction fees: Includes shipping chargebacks.
Other: Includes non-order transaction amounts.
Synthetic demonstration data.
date/time,settlement id,type,order id,sku,description,quantity,marketplace,fulfillment,order city,order state,order postal,product sales,shipping credits,promotional rebates,selling fees,fba fees,other transaction fees,other,total,Transaction Status,Transaction Release Date
1 Aug 2026 10:30:00 GMT+2,DEMO-SETTLEMENT,Order,DEMO-A-1-0,LAMP-01,Demo LAMP-01,1,Amazon.eg,Seller,,,,690.00,0,0,-82.80,0,0,19.00,626.20,Released,1 Aug 2026 10:30:00 GMT+2
1 Aug 2026 10:30:00 GMT+2,DEMO-SETTLEMENT,Order,DEMO-A-1-1,MUG-02,Demo MUG-02,1,Amazon.eg,Seller,,,,340.00,0,0,-44.88,0,0,19.00,314.12,Released,1 Aug 2026 10:30:00 GMT+2
1 Aug 2026 10:30:00 GMT+2,DEMO-SETTLEMENT,Order,DEMO-A-1-2,DESK-03,Demo DESK-03,1,Amazon.eg,Seller,,,,1190.00,0,0,-171.36,0,0,19.00,1037.64,Released,1 Aug 2026 10:30:00 GMT+2
1 Aug 2026 10:30:00 GMT+2,DEMO-SETTLEMENT,Order,DEMO-A-1-3,BAG-04,Demo BAG-04,1,Amazon.eg,Seller,,,,961.20,0,0,-149.95,0,0,19.00,830.25,Released,1 Aug 2026 10:30:00 GMT+2
1 Aug 2026 10:30:00 GMT+2,DEMO-SETTLEMENT,Order,DEMO-A-1-4,CABLE-05,Demo CABLE-05,1,Amazon.eg,Seller,,,,220.00,0,0,-59.40,0,0,19.00,179.60,Released,1 Aug 2026 10:30:00 GMT+2
1 Aug 2026 10:30:00 GMT+2,DEMO-SETTLEMENT,Order,DEMO-A-1-5,STAND-06,Demo STAND-06,1,Amazon.eg,Seller,,,,540.00,0,0,-97.20,0,0,19.00,461.80,Released,1 Aug 2026 10:30:00 GMT+2
2 Aug 2026 10:30:00 GMT+2,DEMO-SETTLEMENT,Order,DEMO-A-2-0,LAMP-01,Demo LAMP-01,1,Amazon.eg,Seller,,,,690.00,0,0,-82.80,0,0,19.00,626.20,Released,2 Aug 2026 10:30:00 GMT+2
2 Aug 2026 10:30:00 GMT+2,DEMO-SETTLEMENT,Order,DEMO-A-2-2,DESK-03,Demo DESK-03,1,Amazon.eg,Seller,,,,1190.00,0,0,-171.36,0,0,19.00,1037.64,Released,2 Aug 2026 10:30:00 GMT+2
2 Aug 2026 10:30:00 GMT+2,DEMO-SETTLEMENT,Order,DEMO-A-2-4,CABLE-05,Demo CABLE-05,1,Amazon.eg,Seller,,,,220.00,0,0,-59.40,0,0,19.00,179.60,Released,2 Aug 2026 10:30:00 GMT+2
3 Aug 2026 10:30:00 GMT+2,DEMO-SETTLEMENT,Order,DEMO-A-3-0,LAMP-01,Demo LAMP-01,1,Amazon.eg,Seller,,,,690.00,0,0,-82.80,0,0,19.00,626.20,Released,3 Aug 2026 10:30:00 GMT+2
3 Aug 2026 10:30:00 GMT+2,DEMO-SETTLEMENT,Order,DEMO-A-3-1,MUG-02,Demo MUG-02,1,Amazon.eg,Seller,,,,340.00,0,0,-44.88,0,0,19.00,314.12,Released,3 Aug 2026 10:30:00 GMT+2
3 Aug 2026 10:30:00 GMT+2,DEMO-SETTLEMENT,Order,DEMO-A-3-2,DESK-03,Demo DESK-03,1,Amazon.eg,Seller,,,,1190.00,0,0,-171.36,0,0,19.00,1037.64,Released,3 Aug 2026 10:30:00 GMT+2
3 Aug 2026 10:30:00 GMT+2,DEMO-SETTLEMENT,Order,DEMO-A-3-3,BAG-04,Demo BAG-04,1,Amazon.eg,Seller,,,,961.20,0,0,-149.95,0,0,19.00,830.25,Released,3 Aug 2026 10:30:00 GMT+2
3 Aug 2026 10:30:00 GMT+2,DEMO-SETTLEMENT,Order,DEMO-A-3-4,CABLE-05,Demo CABLE-05,1,Amazon.eg,Seller,,,,220.00,0,0,-59.40,0,0,19.00,179.60,Released,3 Aug 2026 10:30:00 GMT+2
3 Aug 2026 10:30:00 GMT+2,DEMO-SETTLEMENT,Order,DEMO-A-3-5,STAND-06,Demo STAND-06,1,Amazon.eg,Seller,,,,540.00,0,0,-97.20,0,0,19.00,461.80,Released,3 Aug 2026 10:30:00 GMT+2
4 Aug 2026 10:30:00 GMT+2,DEMO-SETTLEMENT,Order,DEMO-A-4-1,MUG-02,Demo MUG-02,1,Amazon.eg,Seller,,,,340.00,0,0,-44.88,0,0,19.00,314.12,Released,4 Aug 2026 10:30:00 GMT+2
4 Aug 2026 10:30:00 GMT+2,DEMO-SETTLEMENT,Order,DEMO-A-4-3,BAG-04,Demo BAG-04,1,Amazon.eg,Seller,,,,961.20,0,0,-149.95,0,0,19.00,830.25,Released,4 Aug 2026 10:30:00 GMT+2
4 Aug 2026 10:30:00 GMT+2,DEMO-SETTLEMENT,Order,DEMO-A-4-5,STAND-06,Demo STAND-06,1,Amazon.eg,Seller,,,,540.00,0,0,-97.20,0,0,19.00,461.80,Released,4 Aug 2026 10:30:00 GMT+2
5 Aug 2026 10:30:00 GMT+2,DEMO-SETTLEMENT,Order,DEMO-A-5-0,LAMP-01,Demo LAMP-01,1,Amazon.eg,Seller,,,,690.00,0,0,-82.80,0,0,19.00,626.20,Released,5 Aug 2026 10:30:00 GMT+2
5 Aug 2026 10:30:00 GMT+2,DEMO-SETTLEMENT,Order,DEMO-A-5-1,MUG-02,Demo MUG-02,1,Amazon.eg,Seller,,,,340.00,0,0,-44.88,0,0,19.00,314.12,Released,5 Aug 2026 10:30:00 GMT+2
5 Aug 2026 10:30:00 GMT+2,DEMO-SETTLEMENT,Order,DEMO-A-5-2,DESK-03,Demo DESK-03,1,Amazon.eg,Seller,,,,1190.00,0,0,-171.36,0,0,19.00,1037.64,Released,5 Aug 2026 10:30:00 GMT+2
5 Aug 2026 10:30:00 GMT+2,DEMO-SETTLEMENT,Order,DEMO-A-5-3,BAG-04,Demo BAG-04,1,Amazon.eg,Seller,,,,961.20,0,0,-149.95,0,0,19.00,830.25,Released,5 Aug 2026 10:30:00 GMT+2
5 Aug 2026 10:30:00 GMT+2,DEMO-SETTLEMENT,Order,DEMO-A-5-4,CABLE-05,Demo CABLE-05,1,Amazon.eg,Seller,,,,220.00,0,0,-59.40,0,0,19.00,179.60,Released,5 Aug 2026 10:30:00 GMT+2
5 Aug 2026 10:30:00 GMT+2,DEMO-SETTLEMENT,Order,DEMO-A-5-5,STAND-06,Demo STAND-06,1,Amazon.eg,Seller,,,,540.00,0,0,-97.20,0,0,19.00,461.80,Released,5 Aug 2026 10:30:00 GMT+2
6 Aug 2026 10:30:00 GMT+2,DEMO-SETTLEMENT,Order,DEMO-A-6-0,LAMP-01,Demo LAMP-01,1,Amazon.eg,Seller,,,,690.00,0,0,-82.80,0,0,19.00,626.20,Released,6 Aug 2026 10:30:00 GMT+2
6 Aug 2026 10:30:00 GMT+2,DEMO-SETTLEMENT,Order,DEMO-A-6-2,DESK-03,Demo DESK-03,1,Amazon.eg,Seller,,,,1190.00,0,0,-171.36,0,0,19.00,1037.64,Released,6 Aug 2026 10:30:00 GMT+2
6 Aug 2026 10:30:00 GMT+2,DEMO-SETTLEMENT,Order,DEMO-A-6-4,CABLE-05,Demo CABLE-05,1,Amazon.eg,Seller,,,,220.00,0,0,-59.40,0,0,19.00,179.60,Released,6 Aug 2026 10:30:00 GMT+2
7 Aug 2026 10:30:00 GMT+2,DEMO-SETTLEMENT,Order,DEMO-A-7-0,LAMP-01,Demo LAMP-01,1,Amazon.eg,Seller,,,,690.00,0,0,-82.80,0,0,19.00,626.20,Released,7 Aug 2026 10:30:00 GMT+2
7 Aug 2026 10:30:00 GMT+2,DEMO-SETTLEMENT,Order,DEMO-A-7-1,MUG-02,Demo MUG-02,1,Amazon.eg,Seller,,,,340.00,0,0,-44.88,0,0,19.00,314.12,Released,7 Aug 2026 10:30:00 GMT+2
7 Aug 2026 10:30:00 GMT+2,DEMO-SETTLEMENT,Order,DEMO-A-7-2,DESK-03,Demo DESK-03,1,Amazon.eg,Seller,,,,1190.00,0,0,-171.36,0,0,19.00,1037.64,Released,7 Aug 2026 10:30:00 GMT+2
7 Aug 2026 10:30:00 GMT+2,DEMO-SETTLEMENT,Order,DEMO-A-7-3,BAG-04,Demo BAG-04,1,Amazon.eg,Seller,,,,961.20,0,0,-149.95,0,0,19.00,830.25,Released,7 Aug 2026 10:30:00 GMT+2
7 Aug 2026 10:30:00 GMT+2,DEMO-SETTLEMENT,Order,DEMO-A-7-4,CABLE-05,Demo CABLE-05,1,Amazon.eg,Seller,,,,220.00,0,0,-59.40,0,0,19.00,179.60,Released,7 Aug 2026 10:30:00 GMT+2
7 Aug 2026 10:30:00 GMT+2,DEMO-SETTLEMENT,Order,DEMO-A-7-5,STAND-06,Demo STAND-06,1,Amazon.eg,Seller,,,,540.00,0,0,-97.20,0,0,19.00,461.80,Released,7 Aug 2026 10:30:00 GMT+2
8 Aug 2026 10:30:00 GMT+2,DEMO-SETTLEMENT,Order,DEMO-A-8-1,MUG-02,Demo MUG-02,1,Amazon.eg,Seller,,,,340.00,0,0,-44.88,0,0,19.00,314.12,Released,8 Aug 2026 10:30:00 GMT+2
8 Aug 2026 10:30:00 GMT+2,DEMO-SETTLEMENT,Order,DEMO-A-8-3,BAG-04,Demo BAG-04,1,Amazon.eg,Seller,,,,961.20,0,0,-149.95,0,0,19.00,830.25,Released,8 Aug 2026 10:30:00 GMT+2
8 Aug 2026 10:30:00 GMT+2,DEMO-SETTLEMENT,Order,DEMO-A-8-5,STAND-06,Demo STAND-06,1,Amazon.eg,Seller,,,,540.00,0,0,-97.20,0,0,19.00,461.80,Released,8 Aug 2026 10:30:00 GMT+2
9 Aug 2026 10:30:00 GMT+2,DEMO-SETTLEMENT,Order,DEMO-A-9-0,LAMP-01,Demo LAMP-01,1,Amazon.eg,Seller,,,,690.00,0,0,-82.80,0,0,19.00,626.20,Released,9 Aug 2026 10:30:00 GMT+2
9 Aug 2026 10:30:00 GMT+2,DEMO-SETTLEMENT,Order,DEMO-A-9-1,MUG-02,Demo MUG-02,1,Amazon.eg,Seller,,,,340.00,0,0,-44.88,0,0,19.00,314.12,Released,9 Aug 2026 10:30:00 GMT+2
9 Aug 2026 10:30:00 GMT+2,DEMO-SETTLEMENT,Order,DEMO-A-9-2,DESK-03,Demo DESK-03,1,Amazon.eg,Seller,,,,1190.00,0,0,-171.36,0,0,19.00,1037.64,Released,9 Aug 2026 10:30:00 GMT+2
9 Aug 2026 10:30:00 GMT+2,DEMO-SETTLEMENT,Order,DEMO-A-9-3,BAG-04,Demo BAG-04,1,Amazon.eg,Seller,,,,961.20,0,0,-149.95,0,0,19.00,830.25,Released,9 Aug 2026 10:30:00 GMT+2
9 Aug 2026 10:30:00 GMT+2,DEMO-SETTLEMENT,Order,DEMO-A-9-4,CABLE-05,Demo CABLE-05,1,Amazon.eg,Seller,,,,220.00,0,0,-59.40,0,0,19.00,179.60,Released,9 Aug 2026 10:30:00 GMT+2
9 Aug 2026 10:30:00 GMT+2,DEMO-SETTLEMENT,Order,DEMO-A-9-5,STAND-06,Demo STAND-06,1,Amazon.eg,Seller,,,,540.00,0,0,-97.20,0,0,19.00,461.80,Released,9 Aug 2026 10:30:00 GMT+2
10 Aug 2026 10:30:00 GMT+2,DEMO-SETTLEMENT,Order,DEMO-A-10-0,LAMP-01,Demo LAMP-01,1,Amazon.eg,Seller,,,,690.00,0,0,-82.80,0,0,19.00,626.20,Released,10 Aug 2026 10:30:00 GMT+2
10 Aug 2026 10:30:00 GMT+2,DEMO-SETTLEMENT,Order,DEMO-A-10-2,DESK-03,Demo DESK-03,1,Amazon.eg,Seller,,,,1190.00,0,0,-171.36,0,0,19.00,1037.64,Released,10 Aug 2026 10:30:00 GMT+2
10 Aug 2026 10:30:00 GMT+2,DEMO-SETTLEMENT,Order,DEMO-A-10-4,CABLE-05,Demo CABLE-05,1,Amazon.eg,Seller,,,,220.00,0,0,-59.40,0,0,19.00,179.60,Released,10 Aug 2026 10:30:00 GMT+2
11 Aug 2026 10:30:00 GMT+2,DEMO-SETTLEMENT,Order,DEMO-A-11-0,LAMP-01,Demo LAMP-01,1,Amazon.eg,Seller,,,,690.00,0,0,-82.80,0,0,19.00,626.20,Released,11 Aug 2026 10:30:00 GMT+2
11 Aug 2026 10:30:00 GMT+2,DEMO-SETTLEMENT,Order,DEMO-A-11-1,MUG-02,Demo MUG-02,1,Amazon.eg,Seller,,,,340.00,0,0,-44.88,0,0,19.00,314.12,Released,11 Aug 2026 10:30:00 GMT+2
11 Aug 2026 10:30:00 GMT+2,DEMO-SETTLEMENT,Order,DEMO-A-11-2,DESK-03,Demo DESK-03,1,Amazon.eg,Seller,,,,1190.00,0,0,-171.36,0,0,19.00,1037.64,Released,11 Aug 2026 10:30:00 GMT+2
11 Aug 2026 10:30:00 GMT+2,DEMO-SETTLEMENT,Order,DEMO-A-11-3,BAG-04,Demo BAG-04,1,Amazon.eg,Seller,,,,961.20,0,0,-149.95,0,0,19.00,830.25,Released,11 Aug 2026 10:30:00 GMT+2
11 Aug 2026 10:30:00 GMT+2,DEMO-SETTLEMENT,Order,DEMO-A-11-4,CABLE-05,Demo CABLE-05,1,Amazon.eg,Seller,,,,220.00,0,0,-59.40,0,0,19.00,179.60,Released,11 Aug 2026 10:30:00 GMT+2
11 Aug 2026 10:30:00 GMT+2,DEMO-SETTLEMENT,Order,DEMO-A-11-5,STAND-06,Demo STAND-06,1,Amazon.eg,Seller,,,,540.00,0,0,-97.20,0,0,19.00,461.80,Released,11 Aug 2026 10:30:00 GMT+2
12 Aug 2026 10:30:00 GMT+2,DEMO-SETTLEMENT,Order,DEMO-A-12-1,MUG-02,Demo MUG-02,1,Amazon.eg,Seller,,,,340.00,0,0,-44.88,0,0,19.00,314.12,Released,12 Aug 2026 10:30:00 GMT+2
12 Aug 2026 10:30:00 GMT+2,DEMO-SETTLEMENT,Order,DEMO-A-12-3,BAG-04,Demo BAG-04,1,Amazon.eg,Seller,,,,961.20,0,0,-149.95,0,0,19.00,830.25,Released,12 Aug 2026 10:30:00 GMT+2
12 Aug 2026 10:30:00 GMT+2,DEMO-SETTLEMENT,Order,DEMO-A-12-5,STAND-06,Demo STAND-06,1,Amazon.eg,Seller,,,,540.00,0,0,-97.20,0,0,19.00,461.80,Released,12 Aug 2026 10:30:00 GMT+2
13 Aug 2026 10:30:00 GMT+2,DEMO-SETTLEMENT,Order,DEMO-A-13-0,LAMP-01,Demo LAMP-01,1,Amazon.eg,Seller,,,,690.00,0,0,-82.80,0,0,19.00,626.20,Released,13 Aug 2026 10:30:00 GMT+2
13 Aug 2026 10:30:00 GMT+2,DEMO-SETTLEMENT,Order,DEMO-A-13-1,MUG-02,Demo MUG-02,1,Amazon.eg,Seller,,,,340.00,0,0,-44.88,0,0,19.00,314.12,Released,13 Aug 2026 10:30:00 GMT+2
13 Aug 2026 10:30:00 GMT+2,DEMO-SETTLEMENT,Order,DEMO-A-13-2,DESK-03,Demo DESK-03,1,Amazon.eg,Seller,,,,1190.00,0,0,-171.36,0,0,19.00,1037.64,Released,13 Aug 2026 10:30:00 GMT+2
13 Aug 2026 10:30:00 GMT+2,DEMO-SETTLEMENT,Order,DEMO-A-13-3,BAG-04,Demo BAG-04,1,Amazon.eg,Seller,,,,961.20,0,0,-149.95,0,0,19.00,830.25,Released,13 Aug 2026 10:30:00 GMT+2
13 Aug 2026 10:30:00 GMT+2,DEMO-SETTLEMENT,Order,DEMO-A-13-4,CABLE-05,Demo CABLE-05,1,Amazon.eg,Seller,,,,220.00,0,0,-59.40,0,0,19.00,179.60,Released,13 Aug 2026 10:30:00 GMT+2
13 Aug 2026 10:30:00 GMT+2,DEMO-SETTLEMENT,Order,DEMO-A-13-5,STAND-06,Demo STAND-06,1,Amazon.eg,Seller,,,,540.00,0,0,-97.20,0,0,19.00,461.80,Released,13 Aug 2026 10:30:00 GMT+2
14 Aug 2026 10:30:00 GMT+2,DEMO-SETTLEMENT,Order,DEMO-A-14-0,LAMP-01,Demo LAMP-01,1,Amazon.eg,Seller,,,,690.00,0,0,-82.80,0,0,19.00,626.20,Released,14 Aug 2026 10:30:00 GMT+2
14 Aug 2026 10:30:00 GMT+2,DEMO-SETTLEMENT,Order,DEMO-A-14-2,DESK-03,Demo DESK-03,1,Amazon.eg,Seller,,,,1190.00,0,0,-171.36,0,0,19.00,1037.64,Released,14 Aug 2026 10:30:00 GMT+2
14 Aug 2026 10:30:00 GMT+2,DEMO-SETTLEMENT,Order,DEMO-A-14-4,CABLE-05,Demo CABLE-05,1,Amazon.eg,Seller,,,,220.00,0,0,-59.40,0,0,19.00,179.60,Released,14 Aug 2026 10:30:00 GMT+2
15 Aug 2026 10:30:00 GMT+2,DEMO-SETTLEMENT,Order,DEMO-A-15-0,LAMP-01,Demo LAMP-01,1,Amazon.eg,Seller,,,,690.00,0,0,-82.80,0,0,19.00,626.20,Released,15 Aug 2026 10:30:00 GMT+2
15 Aug 2026 10:30:00 GMT+2,DEMO-SETTLEMENT,Order,DEMO-A-15-1,MUG-02,Demo MUG-02,1,Amazon.eg,Seller,,,,340.00,0,0,-44.88,0,0,19.00,314.12,Released,15 Aug 2026 10:30:00 GMT+2
15 Aug 2026 10:30:00 GMT+2,DEMO-SETTLEMENT,Order,DEMO-A-15-2,DESK-03,Demo DESK-03,1,Amazon.eg,Seller,,,,1190.00,0,0,-171.36,0,0,19.00,1037.64,Released,15 Aug 2026 10:30:00 GMT+2
15 Aug 2026 10:30:00 GMT+2,DEMO-SETTLEMENT,Order,DEMO-A-15-3,BAG-04,Demo BAG-04,1,Amazon.eg,Seller,,,,961.20,0,0,-149.95,0,0,19.00,830.25,Released,15 Aug 2026 10:30:00 GMT+2
15 Aug 2026 10:30:00 GMT+2,DEMO-SETTLEMENT,Order,DEMO-A-15-4,CABLE-05,Demo CABLE-05,1,Amazon.eg,Seller,,,,220.00,0,0,-59.40,0,0,19.00,179.60,Released,15 Aug 2026 10:30:00 GMT+2
15 Aug 2026 10:30:00 GMT+2,DEMO-SETTLEMENT,Order,DEMO-A-15-5,STAND-06,Demo STAND-06,1,Amazon.eg,Seller,,,,540.00,0,0,-97.20,0,0,19.00,461.80,Released,15 Aug 2026 10:30:00 GMT+2
16 Aug 2026 10:30:00 GMT+2,DEMO-SETTLEMENT,Order,DEMO-A-16-1,MUG-02,Demo MUG-02,1,Amazon.eg,Seller,,,,340.00,0,0,-44.88,0,0,19.00,314.12,Released,16 Aug 2026 10:30:00 GMT+2
16 Aug 2026 10:30:00 GMT+2,DEMO-SETTLEMENT,Order,DEMO-A-16-3,BAG-04,Demo BAG-04,1,Amazon.eg,Seller,,,,961.20,0,0,-149.95,0,0,19.00,830.25,Released,16 Aug 2026 10:30:00 GMT+2
16 Aug 2026 10:30:00 GMT+2,DEMO-SETTLEMENT,Order,DEMO-A-16-5,STAND-06,Demo STAND-06,1,Amazon.eg,Seller,,,,540.00,0,0,-97.20,0,0,19.00,461.80,Released,16 Aug 2026 10:30:00 GMT+2
17 Aug 2026 10:30:00 GMT+2,DEMO-SETTLEMENT,Order,DEMO-A-17-0,LAMP-01,Demo LAMP-01,1,Amazon.eg,Seller,,,,690.00,0,0,-82.80,0,0,19.00,626.20,Released,17 Aug 2026 10:30:00 GMT+2
17 Aug 2026 10:30:00 GMT+2,DEMO-SETTLEMENT,Order,DEMO-A-17-1,MUG-02,Demo MUG-02,1,Amazon.eg,Seller,,,,340.00,0,0,-44.88,0,0,19.00,314.12,Released,17 Aug 2026 10:30:00 GMT+2
17 Aug 2026 10:30:00 GMT+2,DEMO-SETTLEMENT,Order,DEMO-A-17-2,DESK-03,Demo DESK-03,1,Amazon.eg,Seller,,,,1190.00,0,0,-171.36,0,0,19.00,1037.64,Released,17 Aug 2026 10:30:00 GMT+2
17 Aug 2026 10:30:00 GMT+2,DEMO-SETTLEMENT,Order,DEMO-A-17-3,BAG-04,Demo BAG-04,1,Amazon.eg,Seller,,,,961.20,0,0,-149.95,0,0,19.00,830.25,Released,17 Aug 2026 10:30:00 GMT+2
17 Aug 2026 10:30:00 GMT+2,DEMO-SETTLEMENT,Order,DEMO-A-17-4,CABLE-05,Demo CABLE-05,1,Amazon.eg,Seller,,,,220.00,0,0,-59.40,0,0,19.00,179.60,Released,17 Aug 2026 10:30:00 GMT+2
17 Aug 2026 10:30:00 GMT+2,DEMO-SETTLEMENT,Order,DEMO-A-17-5,STAND-06,Demo STAND-06,1,Amazon.eg,Seller,,,,540.00,0,0,-97.20,0,0,19.00,461.80,Released,17 Aug 2026 10:30:00 GMT+2
18 Aug 2026 10:30:00 GMT+2,DEMO-SETTLEMENT,Order,DEMO-A-18-0,LAMP-01,Demo LAMP-01,1,Amazon.eg,Seller,,,,690.00,0,0,-82.80,0,0,19.00,626.20,Released,18 Aug 2026 10:30:00 GMT+2
18 Aug 2026 10:30:00 GMT+2,DEMO-SETTLEMENT,Order,DEMO-A-18-2,DESK-03,Demo DESK-03,1,Amazon.eg,Seller,,,,1190.00,0,0,-171.36,0,0,19.00,1037.64,Released,18 Aug 2026 10:30:00 GMT+2
18 Aug 2026 10:30:00 GMT+2,DEMO-SETTLEMENT,Order,DEMO-A-18-4,CABLE-05,Demo CABLE-05,1,Amazon.eg,Seller,,,,220.00,0,0,-59.40,0,0,19.00,179.60,Released,18 Aug 2026 10:30:00 GMT+2
19 Aug 2026 10:30:00 GMT+2,DEMO-SETTLEMENT,Order,DEMO-A-19-0,LAMP-01,Demo LAMP-01,1,Amazon.eg,Seller,,,,690.00,0,0,-82.80,0,0,19.00,626.20,Released,19 Aug 2026 10:30:00 GMT+2
19 Aug 2026 10:30:00 GMT+2,DEMO-SETTLEMENT,Order,DEMO-A-19-1,MUG-02,Demo MUG-02,1,Amazon.eg,Seller,,,,340.00,0,0,-44.88,0,0,19.00,314.12,Released,19 Aug 2026 10:30:00 GMT+2
19 Aug 2026 10:30:00 GMT+2,DEMO-SETTLEMENT,Order,DEMO-A-19-2,DESK-03,Demo DESK-03,1,Amazon.eg,Seller,,,,1190.00,0,0,-171.36,0,0,19.00,1037.64,Released,19 Aug 2026 10:30:00 GMT+2
19 Aug 2026 10:30:00 GMT+2,DEMO-SETTLEMENT,Order,DEMO-A-19-3,BAG-04,Demo BAG-04,1,Amazon.eg,Seller,,,,961.20,0,0,-149.95,0,0,19.00,830.25,Released,19 Aug 2026 10:30:00 GMT+2
19 Aug 2026 10:30:00 GMT+2,DEMO-SETTLEMENT,Order,DEMO-A-19-4,CABLE-05,Demo CABLE-05,1,Amazon.eg,Seller,,,,220.00,0,0,-59.40,0,0,19.00,179.60,Released,19 Aug 2026 10:30:00 GMT+2
19 Aug 2026 10:30:00 GMT+2,DEMO-SETTLEMENT,Order,DEMO-A-19-5,STAND-06,Demo STAND-06,1,Amazon.eg,Seller,,,,540.00,0,0,-97.20,0,0,19.00,461.80,Released,19 Aug 2026 10:30:00 GMT+2
20 Aug 2026 10:30:00 GMT+2,DEMO-SETTLEMENT,Order,DEMO-A-20-1,MUG-02,Demo MUG-02,1,Amazon.eg,Seller,,,,340.00,0,0,-44.88,0,0,19.00,314.12,Released,20 Aug 2026 10:30:00 GMT+2
20 Aug 2026 10:30:00 GMT+2,DEMO-SETTLEMENT,Order,DEMO-A-20-3,BAG-04,Demo BAG-04,1,Amazon.eg,Seller,,,,961.20,0,0,-149.95,0,0,19.00,830.25,Released,20 Aug 2026 10:30:00 GMT+2
20 Aug 2026 10:30:00 GMT+2,DEMO-SETTLEMENT,Order,DEMO-A-20-5,STAND-06,Demo STAND-06,1,Amazon.eg,Seller,,,,540.00,0,0,-97.20,0,0,19.00,461.80,Released,20 Aug 2026 10:30:00 GMT+2
21 Aug 2026 10:30:00 GMT+2,DEMO-SETTLEMENT,Order,DEMO-A-21-0,LAMP-01,Demo LAMP-01,1,Amazon.eg,Seller,,,,690.00,0,0,-82.80,0,0,19.00,626.20,Released,21 Aug 2026 10:30:00 GMT+2
21 Aug 2026 10:30:00 GMT+2,DEMO-SETTLEMENT,Order,DEMO-A-21-1,MUG-02,Demo MUG-02,1,Amazon.eg,Seller,,,,340.00,0,0,-44.88,0,0,19.00,314.12,Released,21 Aug 2026 10:30:00 GMT+2
21 Aug 2026 10:30:00 GMT+2,DEMO-SETTLEMENT,Order,DEMO-A-21-2,DESK-03,Demo DESK-03,1,Amazon.eg,Seller,,,,1190.00,0,0,-171.36,0,0,19.00,1037.64,Released,21 Aug 2026 10:30:00 GMT+2
21 Aug 2026 10:30:00 GMT+2,DEMO-SETTLEMENT,Order,DEMO-A-21-3,BAG-04,Demo BAG-04,1,Amazon.eg,Seller,,,,961.20,0,0,-149.95,0,0,19.00,830.25,Released,21 Aug 2026 10:30:00 GMT+2
21 Aug 2026 10:30:00 GMT+2,DEMO-SETTLEMENT,Order,DEMO-A-21-4,CABLE-05,Demo CABLE-05,1,Amazon.eg,Seller,,,,220.00,0,0,-59.40,0,0,19.00,179.60,Released,21 Aug 2026 10:30:00 GMT+2
21 Aug 2026 10:30:00 GMT+2,DEMO-SETTLEMENT,Order,DEMO-A-21-5,STAND-06,Demo STAND-06,1,Amazon.eg,Seller,,,,540.00,0,0,-97.20,0,0,19.00,461.80,Released,21 Aug 2026 10:30:00 GMT+2
22 Aug 2026 10:30:00 GMT+2,DEMO-SETTLEMENT,Order,DEMO-A-22-0,LAMP-01,Demo LAMP-01,1,Amazon.eg,Seller,,,,690.00,0,0,-82.80,0,0,19.00,626.20,Released,22 Aug 2026 10:30:00 GMT+2
22 Aug 2026 10:30:00 GMT+2,DEMO-SETTLEMENT,Order,DEMO-A-22-2,DESK-03,Demo DESK-03,1,Amazon.eg,Seller,,,,1190.00,0,0,-171.36,0,0,19.00,1037.64,Released,22 Aug 2026 10:30:00 GMT+2
22 Aug 2026 10:30:00 GMT+2,DEMO-SETTLEMENT,Order,DEMO-A-22-4,CABLE-05,Demo CABLE-05,1,Amazon.eg,Seller,,,,220.00,0,0,-59.40,0,0,19.00,179.60,Released,22 Aug 2026 10:30:00 GMT+2
23 Aug 2026 10:30:00 GMT+2,DEMO-SETTLEMENT,Order,DEMO-A-23-0,LAMP-01,Demo LAMP-01,1,Amazon.eg,Seller,,,,690.00,0,0,-82.80,0,0,19.00,626.20,Released,23 Aug 2026 10:30:00 GMT+2
23 Aug 2026 10:30:00 GMT+2,DEMO-SETTLEMENT,Order,DEMO-A-23-1,MUG-02,Demo MUG-02,1,Amazon.eg,Seller,,,,340.00,0,0,-44.88,0,0,19.00,314.12,Released,23 Aug 2026 10:30:00 GMT+2
23 Aug 2026 10:30:00 GMT+2,DEMO-SETTLEMENT,Order,DEMO-A-23-2,DESK-03,Demo DESK-03,1,Amazon.eg,Seller,,,,1190.00,0,0,-171.36,0,0,19.00,1037.64,Released,23 Aug 2026 10:30:00 GMT+2
23 Aug 2026 10:30:00 GMT+2,DEMO-SETTLEMENT,Order,DEMO-A-23-3,BAG-04,Demo BAG-04,1,Amazon.eg,Seller,,,,961.20,0,0,-149.95,0,0,19.00,830.25,Released,23 Aug 2026 10:30:00 GMT+2
23 Aug 2026 10:30:00 GMT+2,DEMO-SETTLEMENT,Order,DEMO-A-23-4,CABLE-05,Demo CABLE-05,1,Amazon.eg,Seller,,,,220.00,0,0,-59.40,0,0,19.00,179.60,Released,23 Aug 2026 10:30:00 GMT+2
23 Aug 2026 10:30:00 GMT+2,DEMO-SETTLEMENT,Order,DEMO-A-23-5,STAND-06,Demo STAND-06,1,Amazon.eg,Seller,,,,540.00,0,0,-97.20,0,0,19.00,461.80,Released,23 Aug 2026 10:30:00 GMT+2
24 Aug 2026 10:30:00 GMT+2,DEMO-SETTLEMENT,Order,DEMO-A-24-1,MUG-02,Demo MUG-02,1,Amazon.eg,Seller,,,,340.00,0,0,-44.88,0,0,19.00,314.12,Released,24 Aug 2026 10:30:00 GMT+2
24 Aug 2026 10:30:00 GMT+2,DEMO-SETTLEMENT,Order,DEMO-A-24-3,BAG-04,Demo BAG-04,1,Amazon.eg,Seller,,,,961.20,0,0,-149.95,0,0,19.00,830.25,Released,24 Aug 2026 10:30:00 GMT+2
24 Aug 2026 10:30:00 GMT+2,DEMO-SETTLEMENT,Order,DEMO-A-24-5,STAND-06,Demo STAND-06,1,Amazon.eg,Seller,,,,540.00,0,0,-97.20,0,0,19.00,461.80,Released,24 Aug 2026 10:30:00 GMT+2
25 Aug 2026 10:30:00 GMT+2,DEMO-SETTLEMENT,Order,DEMO-A-25-0,LAMP-01,Demo LAMP-01,1,Amazon.eg,Seller,,,,690.00,0,0,-82.80,0,0,19.00,626.20,Released,25 Aug 2026 10:30:00 GMT+2
25 Aug 2026 10:30:00 GMT+2,DEMO-SETTLEMENT,Order,DEMO-A-25-1,MUG-02,Demo MUG-02,1,Amazon.eg,Seller,,,,340.00,0,0,-44.88,0,0,19.00,314.12,Released,25 Aug 2026 10:30:00 GMT+2
25 Aug 2026 10:30:00 GMT+2,DEMO-SETTLEMENT,Order,DEMO-A-25-2,DESK-03,Demo DESK-03,1,Amazon.eg,Seller,,,,1190.00,0,0,-171.36,0,0,19.00,1037.64,Released,25 Aug 2026 10:30:00 GMT+2
25 Aug 2026 10:30:00 GMT+2,DEMO-SETTLEMENT,Order,DEMO-A-25-3,BAG-04,Demo BAG-04,1,Amazon.eg,Seller,,,,961.20,0,0,-149.95,0,0,19.00,830.25,Released,25 Aug 2026 10:30:00 GMT+2
25 Aug 2026 10:30:00 GMT+2,DEMO-SETTLEMENT,Order,DEMO-A-25-4,CABLE-05,Demo CABLE-05,1,Amazon.eg,Seller,,,,220.00,0,0,-59.40,0,0,19.00,179.60,Released,25 Aug 2026 10:30:00 GMT+2
25 Aug 2026 10:30:00 GMT+2,DEMO-SETTLEMENT,Order,DEMO-A-25-5,STAND-06,Demo STAND-06,1,Amazon.eg,Seller,,,,540.00,0,0,-97.20,0,0,19.00,461.80,Released,25 Aug 2026 10:30:00 GMT+2
26 Aug 2026 10:30:00 GMT+2,DEMO-SETTLEMENT,Order,DEMO-A-26-0,LAMP-01,Demo LAMP-01,1,Amazon.eg,Seller,,,,690.00,0,0,-82.80,0,0,19.00,626.20,Released,26 Aug 2026 10:30:00 GMT+2
26 Aug 2026 10:30:00 GMT+2,DEMO-SETTLEMENT,Order,DEMO-A-26-2,DESK-03,Demo DESK-03,1,Amazon.eg,Seller,,,,1190.00,0,0,-171.36,0,0,19.00,1037.64,Released,26 Aug 2026 10:30:00 GMT+2
26 Aug 2026 10:30:00 GMT+2,DEMO-SETTLEMENT,Order,DEMO-A-26-4,CABLE-05,Demo CABLE-05,1,Amazon.eg,Seller,,,,220.00,0,0,-59.40,0,0,19.00,179.60,Released,26 Aug 2026 10:30:00 GMT+2
27 Aug 2026 10:30:00 GMT+2,DEMO-SETTLEMENT,Order,DEMO-A-27-0,LAMP-01,Demo LAMP-01,1,Amazon.eg,Seller,,,,690.00,0,0,-82.80,0,0,19.00,626.20,Released,27 Aug 2026 10:30:00 GMT+2
27 Aug 2026 10:30:00 GMT+2,DEMO-SETTLEMENT,Order,DEMO-A-27-1,MUG-02,Demo MUG-02,1,Amazon.eg,Seller,,,,340.00,0,0,-44.88,0,0,19.00,314.12,Released,27 Aug 2026 10:30:00 GMT+2
27 Aug 2026 10:30:00 GMT+2,DEMO-SETTLEMENT,Order,DEMO-A-27-2,DESK-03,Demo DESK-03,1,Amazon.eg,Seller,,,,1190.00,0,0,-171.36,0,0,19.00,1037.64,Released,27 Aug 2026 10:30:00 GMT+2
27 Aug 2026 10:30:00 GMT+2,DEMO-SETTLEMENT,Order,DEMO-A-27-3,BAG-04,Demo BAG-04,1,Amazon.eg,Seller,,,,961.20,0,0,-149.95,0,0,19.00,830.25,Released,27 Aug 2026 10:30:00 GMT+2
27 Aug 2026 10:30:00 GMT+2,DEMO-SETTLEMENT,Order,DEMO-A-27-4,CABLE-05,Demo CABLE-05,1,Amazon.eg,Seller,,,,220.00,0,0,-59.40,0,0,19.00,179.60,Released,27 Aug 2026 10:30:00 GMT+2
27 Aug 2026 10:30:00 GMT+2,DEMO-SETTLEMENT,Order,DEMO-A-27-5,STAND-06,Demo STAND-06,1,Amazon.eg,Seller,,,,540.00,0,0,-97.20,0,0,19.00,461.80,Released,27 Aug 2026 10:30:00 GMT+2
28 Aug 2026 10:30:00 GMT+2,DEMO-SETTLEMENT,Order,DEMO-A-28-1,MUG-02,Demo MUG-02,1,Amazon.eg,Seller,,,,340.00,0,0,-44.88,0,0,19.00,314.12,Released,28 Aug 2026 10:30:00 GMT+2
28 Aug 2026 10:30:00 GMT+2,DEMO-SETTLEMENT,Order,DEMO-A-28-3,BAG-04,Demo BAG-04,1,Amazon.eg,Seller,,,,961.20,0,0,-149.95,0,0,19.00,830.25,Released,28 Aug 2026 10:30:00 GMT+2
28 Aug 2026 10:30:00 GMT+2,DEMO-SETTLEMENT,Order,DEMO-A-28-5,STAND-06,Demo STAND-06,1,Amazon.eg,Seller,,,,540.00,0,0,-97.20,0,0,19.00,461.80,Released,28 Aug 2026 10:30:00 GMT+2
20 Aug 2026 10:30:00 GMT+2,DEMO-SETTLEMENT,Refund,DEMO-A-RETURN,LAMP-01,Demo LAMP-01,-1,Amazon.eg,Seller,,,,-690.00,0,0,82.80,0,0,0,-607.20,Released,20 Aug 2026 10:30:00 GMT+2
27 Aug 2026 10:30:00 GMT+2,DEMO-SETTLEMENT,Service Fee,,,Demo service fee,,Amazon.eg,,,,,0,0,0,0,0,-65.00,0,-65.00,Released,27 Aug 2026 10:30:00 GMT+2
28 Aug 2026 10:30:00 GMT+2,DEMO-SETTLEMENT,Transfer,,,Demo payout,,Amazon.eg,,,,,0,0,0,0,0,0,-5000.00,-5000.00,Released,28 Aug 2026 10:30:00 GMT+2
