Contract,Contract Title,Reference Nr,Order Nr,Item Nr,Order Date,Transaction Date,Title,SKUs,Partner SKUs,Transaction Type,Currency,Net Proceeds,Referral Fee including VAT,Fullfilment & Logistics Fees including VAT,Shipping Credits including VAT,Other Order Fees including VAT,Order Subsidies including VAT,Non-Order Fees including VAT,Non-Order Subsidies including VAT,Others including VAT,Total
DEMO,Demo contract,DEMO-REF,DEMO-N-1-0,DEMO-ITEM-1-0,2026-08-01,2026-08-01,Demo LAMP-01,LAMP-01,LAMP-01,order,EGP,690.00,-72.45,-18.00,0,0,0,0,0,0,599.55
DEMO,Demo contract,DEMO-REF,DEMO-N-1-1,DEMO-ITEM-1-1,2026-08-01,2026-08-01,Demo MUG-02,MUG-02,MUG-02,order,EGP,340.00,-78.20,-18.00,0,0,0,0,0,0,243.80
DEMO,Demo contract,DEMO-REF,DEMO-N-1-3,DEMO-ITEM-1-3,2026-08-01,2026-08-01,Demo BAG-04,BAG-04,BAG-04,order,EGP,890.00,-117.48,-18.00,0,0,0,0,0,0,754.52
DEMO,Demo contract,DEMO-REF,DEMO-N-1-4,DEMO-ITEM-1-4,2026-08-01,2026-08-01,Demo CABLE-05,CABLE-05,CABLE-05,order,EGP,220.00,-31.02,-18.00,0,0,0,0,0,0,170.98
DEMO,Demo contract,DEMO-REF,DEMO-N-2-0,DEMO-ITEM-2-0,2026-08-02,2026-08-02,Demo LAMP-01,LAMP-01,LAMP-01,order,EGP,690.00,-72.45,-18.00,0,0,0,0,0,0,599.55
DEMO,Demo contract,DEMO-REF,DEMO-N-2-2,DEMO-ITEM-2-2,2026-08-02,2026-08-02,Demo DESK-03,DESK-03,DESK-03,order,EGP,1118.60,-137.59,-18.00,0,0,0,0,0,0,963.01
DEMO,Demo contract,DEMO-REF,DEMO-N-3-1,DEMO-ITEM-3-1,2026-08-03,2026-08-03,Demo MUG-02,MUG-02,MUG-02,order,EGP,340.00,-78.20,-18.00,0,0,0,0,0,0,243.80
DEMO,Demo contract,DEMO-REF,DEMO-N-3-2,DEMO-ITEM-3-2,2026-08-03,2026-08-03,Demo DESK-03,DESK-03,DESK-03,order,EGP,1118.60,-137.59,-18.00,0,0,0,0,0,0,963.01
DEMO,Demo contract,DEMO-REF,DEMO-N-3-4,DEMO-ITEM-3-4,2026-08-03,2026-08-03,Demo CABLE-05,CABLE-05,CABLE-05,order,EGP,220.00,-31.02,-18.00,0,0,0,0,0,0,170.98
DEMO,Demo contract,DEMO-REF,DEMO-N-3-5,DEMO-ITEM-3-5,2026-08-03,2026-08-03,Demo STAND-06,STAND-06,STAND-06,order,EGP,540.00,-81.00,-34.00,0,0,0,0,0,0,425.00
DEMO,Demo contract,DEMO-REF,DEMO-N-4-1,DEMO-ITEM-4-1,2026-08-04,2026-08-04,Demo MUG-02,MUG-02,MUG-02,order,EGP,340.00,-78.20,-18.00,0,0,0,0,0,0,243.80
DEMO,Demo contract,DEMO-REF,DEMO-N-4-3,DEMO-ITEM-4-3,2026-08-04,2026-08-04,Demo BAG-04,BAG-04,BAG-04,order,EGP,890.00,-117.48,-18.00,0,0,0,0,0,0,754.52
DEMO,Demo contract,DEMO-REF,DEMO-N-5-0,DEMO-ITEM-5-0,2026-08-05,2026-08-05,Demo LAMP-01,LAMP-01,LAMP-01,order,EGP,690.00,-72.45,-18.00,0,0,0,0,0,0,599.55
DEMO,Demo contract,DEMO-REF,DEMO-N-5-2,DEMO-ITEM-5-2,2026-08-05,2026-08-05,Demo DESK-03,DESK-03,DESK-03,order,EGP,1118.60,-137.59,-18.00,0,0,0,0,0,0,963.01
DEMO,Demo contract,DEMO-REF,DEMO-N-5-3,DEMO-ITEM-5-3,2026-08-05,2026-08-05,Demo BAG-04,BAG-04,BAG-04,order,EGP,890.00,-117.48,-18.00,0,0,0,0,0,0,754.52
DEMO,Demo contract,DEMO-REF,DEMO-N-5-5,DEMO-ITEM-5-5,2026-08-05,2026-08-05,Demo STAND-06,STAND-06,STAND-06,order,EGP,540.00,-81.00,-34.00,0,0,0,0,0,0,425.00
DEMO,Demo contract,DEMO-REF,DEMO-N-6-2,DEMO-ITEM-6-2,2026-08-06,2026-08-06,Demo DESK-03,DESK-03,DESK-03,order,EGP,1118.60,-137.59,-18.00,0,0,0,0,0,0,963.01
DEMO,Demo contract,DEMO-REF,DEMO-N-6-4,DEMO-ITEM-6-4,2026-08-06,2026-08-06,Demo CABLE-05,CABLE-05,CABLE-05,order,EGP,220.00,-31.02,-18.00,0,0,0,0,0,0,170.98
DEMO,Demo contract,DEMO-REF,DEMO-N-7-0,DEMO-ITEM-7-0,2026-08-07,2026-08-07,Demo LAMP-01,LAMP-01,LAMP-01,order,EGP,690.00,-72.45,-18.00,0,0,0,0,0,0,599.55
DEMO,Demo contract,DEMO-REF,DEMO-N-7-1,DEMO-ITEM-7-1,2026-08-07,2026-08-07,Demo MUG-02,MUG-02,MUG-02,order,EGP,340.00,-78.20,-18.00,0,0,0,0,0,0,243.80
DEMO,Demo contract,DEMO-REF,DEMO-N-7-3,DEMO-ITEM-7-3,2026-08-07,2026-08-07,Demo BAG-04,BAG-04,BAG-04,order,EGP,890.00,-117.48,-18.00,0,0,0,0,0,0,754.52
DEMO,Demo contract,DEMO-REF,DEMO-N-7-4,DEMO-ITEM-7-4,2026-08-07,2026-08-07,Demo CABLE-05,CABLE-05,CABLE-05,order,EGP,220.00,-31.02,-18.00,0,0,0,0,0,0,170.98
DEMO,Demo contract,DEMO-REF,DEMO-N-8-3,DEMO-ITEM-8-3,2026-08-08,2026-08-08,Demo BAG-04,BAG-04,BAG-04,order,EGP,890.00,-117.48,-18.00,0,0,0,0,0,0,754.52
DEMO,Demo contract,DEMO-REF,DEMO-N-8-5,DEMO-ITEM-8-5,2026-08-08,2026-08-08,Demo STAND-06,STAND-06,STAND-06,order,EGP,540.00,-81.00,-34.00,0,0,0,0,0,0,425.00
DEMO,Demo contract,DEMO-REF,DEMO-N-9-1,DEMO-ITEM-9-1,2026-08-09,2026-08-09,Demo MUG-02,MUG-02,MUG-02,order,EGP,340.00,-78.20,-18.00,0,0,0,0,0,0,243.80
DEMO,Demo contract,DEMO-REF,DEMO-N-9-2,DEMO-ITEM-9-2,2026-08-09,2026-08-09,Demo DESK-03,DESK-03,DESK-03,order,EGP,1118.60,-137.59,-18.00,0,0,0,0,0,0,963.01
DEMO,Demo contract,DEMO-REF,DEMO-N-9-4,DEMO-ITEM-9-4,2026-08-09,2026-08-09,Demo CABLE-05,CABLE-05,CABLE-05,order,EGP,220.00,-31.02,-18.00,0,0,0,0,0,0,170.98
DEMO,Demo contract,DEMO-REF,DEMO-N-9-5,DEMO-ITEM-9-5,2026-08-09,2026-08-09,Demo STAND-06,STAND-06,STAND-06,order,EGP,540.00,-81.00,-34.00,0,0,0,0,0,0,425.00
DEMO,Demo contract,DEMO-REF,DEMO-N-10-0,DEMO-ITEM-10-0,2026-08-10,2026-08-10,Demo LAMP-01,LAMP-01,LAMP-01,order,EGP,690.00,-72.45,-18.00,0,0,0,0,0,0,599.55
DEMO,Demo contract,DEMO-REF,DEMO-N-10-4,DEMO-ITEM-10-4,2026-08-10,2026-08-10,Demo CABLE-05,CABLE-05,CABLE-05,order,EGP,220.00,-31.02,-18.00,0,0,0,0,0,0,170.98
DEMO,Demo contract,DEMO-REF,DEMO-N-11-0,DEMO-ITEM-11-0,2026-08-11,2026-08-11,Demo LAMP-01,LAMP-01,LAMP-01,order,EGP,690.00,-72.45,-18.00,0,0,0,0,0,0,599.55
DEMO,Demo contract,DEMO-REF,DEMO-N-11-2,DEMO-ITEM-11-2,2026-08-11,2026-08-11,Demo DESK-03,DESK-03,DESK-03,order,EGP,1118.60,-137.59,-18.00,0,0,0,0,0,0,963.01
DEMO,Demo contract,DEMO-REF,DEMO-N-11-3,DEMO-ITEM-11-3,2026-08-11,2026-08-11,Demo BAG-04,BAG-04,BAG-04,order,EGP,890.00,-117.48,-18.00,0,0,0,0,0,0,754.52
DEMO,Demo contract,DEMO-REF,DEMO-N-11-5,DEMO-ITEM-11-5,2026-08-11,2026-08-11,Demo STAND-06,STAND-06,STAND-06,order,EGP,540.00,-81.00,-34.00,0,0,0,0,0,0,425.00
DEMO,Demo contract,DEMO-REF,DEMO-N-12-1,DEMO-ITEM-12-1,2026-08-12,2026-08-12,Demo MUG-02,MUG-02,MUG-02,order,EGP,340.00,-78.20,-18.00,0,0,0,0,0,0,243.80
DEMO,Demo contract,DEMO-REF,DEMO-N-12-5,DEMO-ITEM-12-5,2026-08-12,2026-08-12,Demo STAND-06,STAND-06,STAND-06,order,EGP,540.00,-81.00,-34.00,0,0,0,0,0,0,425.00
DEMO,Demo contract,DEMO-REF,DEMO-N-13-0,DEMO-ITEM-13-0,2026-08-13,2026-08-13,Demo LAMP-01,LAMP-01,LAMP-01,order,EGP,690.00,-72.45,-18.00,0,0,0,0,0,0,599.55
DEMO,Demo contract,DEMO-REF,DEMO-N-13-1,DEMO-ITEM-13-1,2026-08-13,2026-08-13,Demo MUG-02,MUG-02,MUG-02,order,EGP,340.00,-78.20,-18.00,0,0,0,0,0,0,243.80
DEMO,Demo contract,DEMO-REF,DEMO-N-13-3,DEMO-ITEM-13-3,2026-08-13,2026-08-13,Demo BAG-04,BAG-04,BAG-04,order,EGP,890.00,-117.48,-18.00,0,0,0,0,0,0,754.52
DEMO,Demo contract,DEMO-REF,DEMO-N-13-4,DEMO-ITEM-13-4,2026-08-13,2026-08-13,Demo CABLE-05,CABLE-05,CABLE-05,order,EGP,220.00,-31.02,-18.00,0,0,0,0,0,0,170.98
DEMO,Demo contract,DEMO-REF,DEMO-N-14-0,DEMO-ITEM-14-0,2026-08-14,2026-08-14,Demo LAMP-01,LAMP-01,LAMP-01,order,EGP,690.00,-72.45,-18.00,0,0,0,0,0,0,599.55
DEMO,Demo contract,DEMO-REF,DEMO-N-14-2,DEMO-ITEM-14-2,2026-08-14,2026-08-14,Demo DESK-03,DESK-03,DESK-03,order,EGP,1118.60,-137.59,-18.00,0,0,0,0,0,0,963.01
DEMO,Demo contract,DEMO-REF,DEMO-N-15-1,DEMO-ITEM-15-1,2026-08-15,2026-08-15,Demo MUG-02,MUG-02,MUG-02,order,EGP,340.00,-78.20,-18.00,0,0,0,0,0,0,243.80
DEMO,Demo contract,DEMO-REF,DEMO-N-15-2,DEMO-ITEM-15-2,2026-08-15,2026-08-15,Demo DESK-03,DESK-03,DESK-03,order,EGP,1118.60,-137.59,-18.00,0,0,0,0,0,0,963.01
DEMO,Demo contract,DEMO-REF,DEMO-N-15-4,DEMO-ITEM-15-4,2026-08-15,2026-08-15,Demo CABLE-05,CABLE-05,CABLE-05,order,EGP,220.00,-31.02,-18.00,0,0,0,0,0,0,170.98
DEMO,Demo contract,DEMO-REF,DEMO-N-15-5,DEMO-ITEM-15-5,2026-08-15,2026-08-15,Demo STAND-06,STAND-06,STAND-06,order,EGP,540.00,-81.00,-34.00,0,0,0,0,0,0,425.00
DEMO,Demo contract,DEMO-REF,DEMO-N-16-1,DEMO-ITEM-16-1,2026-08-16,2026-08-16,Demo MUG-02,MUG-02,MUG-02,order,EGP,340.00,-78.20,-18.00,0,0,0,0,0,0,243.80
DEMO,Demo contract,DEMO-REF,DEMO-N-16-3,DEMO-ITEM-16-3,2026-08-16,2026-08-16,Demo BAG-04,BAG-04,BAG-04,order,EGP,890.00,-117.48,-18.00,0,0,0,0,0,0,754.52
DEMO,Demo contract,DEMO-REF,DEMO-N-17-0,DEMO-ITEM-17-0,2026-08-17,2026-08-17,Demo LAMP-01,LAMP-01,LAMP-01,order,EGP,690.00,-72.45,-18.00,0,0,0,0,0,0,599.55
DEMO,Demo contract,DEMO-REF,DEMO-N-17-2,DEMO-ITEM-17-2,2026-08-17,2026-08-17,Demo DESK-03,DESK-03,DESK-03,order,EGP,1118.60,-137.59,-18.00,0,0,0,0,0,0,963.01
DEMO,Demo contract,DEMO-REF,DEMO-N-17-3,DEMO-ITEM-17-3,2026-08-17,2026-08-17,Demo BAG-04,BAG-04,BAG-04,order,EGP,890.00,-117.48,-18.00,0,0,0,0,0,0,754.52
DEMO,Demo contract,DEMO-REF,DEMO-N-17-5,DEMO-ITEM-17-5,2026-08-17,2026-08-17,Demo STAND-06,STAND-06,STAND-06,order,EGP,540.00,-81.00,-34.00,0,0,0,0,0,0,425.00
DEMO,Demo contract,DEMO-REF,DEMO-N-18-2,DEMO-ITEM-18-2,2026-08-18,2026-08-18,Demo DESK-03,DESK-03,DESK-03,order,EGP,1118.60,-137.59,-18.00,0,0,0,0,0,0,963.01
DEMO,Demo contract,DEMO-REF,DEMO-N-18-4,DEMO-ITEM-18-4,2026-08-18,2026-08-18,Demo CABLE-05,CABLE-05,CABLE-05,order,EGP,220.00,-31.02,-18.00,0,0,0,0,0,0,170.98
DEMO,Demo contract,DEMO-REF,DEMO-N-19-0,DEMO-ITEM-19-0,2026-08-19,2026-08-19,Demo LAMP-01,LAMP-01,LAMP-01,order,EGP,690.00,-72.45,-18.00,0,0,0,0,0,0,599.55
DEMO,Demo contract,DEMO-REF,DEMO-N-19-1,DEMO-ITEM-19-1,2026-08-19,2026-08-19,Demo MUG-02,MUG-02,MUG-02,order,EGP,340.00,-78.20,-18.00,0,0,0,0,0,0,243.80
DEMO,Demo contract,DEMO-REF,DEMO-N-19-3,DEMO-ITEM-19-3,2026-08-19,2026-08-19,Demo BAG-04,BAG-04,BAG-04,order,EGP,890.00,-117.48,-18.00,0,0,0,0,0,0,754.52
DEMO,Demo contract,DEMO-REF,DEMO-N-19-4,DEMO-ITEM-19-4,2026-08-19,2026-08-19,Demo CABLE-05,CABLE-05,CABLE-05,order,EGP,220.00,-31.02,-18.00,0,0,0,0,0,0,170.98
DEMO,Demo contract,DEMO-REF,DEMO-N-20-3,DEMO-ITEM-20-3,2026-08-20,2026-08-20,Demo BAG-04,BAG-04,BAG-04,order,EGP,890.00,-117.48,-18.00,0,0,0,0,0,0,754.52
DEMO,Demo contract,DEMO-REF,DEMO-N-20-5,DEMO-ITEM-20-5,2026-08-20,2026-08-20,Demo STAND-06,STAND-06,STAND-06,order,EGP,540.00,-81.00,-34.00,0,0,0,0,0,0,425.00
DEMO,Demo contract,DEMO-REF,DEMO-N-21-1,DEMO-ITEM-21-1,2026-08-21,2026-08-21,Demo MUG-02,MUG-02,MUG-02,order,EGP,340.00,-78.20,-18.00,0,0,0,0,0,0,243.80
DEMO,Demo contract,DEMO-REF,DEMO-N-21-2,DEMO-ITEM-21-2,2026-08-21,2026-08-21,Demo DESK-03,DESK-03,DESK-03,order,EGP,1118.60,-137.59,-18.00,0,0,0,0,0,0,963.01
DEMO,Demo contract,DEMO-REF,DEMO-N-21-4,DEMO-ITEM-21-4,2026-08-21,2026-08-21,Demo CABLE-05,CABLE-05,CABLE-05,order,EGP,220.00,-31.02,-18.00,0,0,0,0,0,0,170.98
DEMO,Demo contract,DEMO-REF,DEMO-N-21-5,DEMO-ITEM-21-5,2026-08-21,2026-08-21,Demo STAND-06,STAND-06,STAND-06,order,EGP,540.00,-81.00,-34.00,0,0,0,0,0,0,425.00
DEMO,Demo contract,DEMO-REF,DEMO-N-22-0,DEMO-ITEM-22-0,2026-08-22,2026-08-22,Demo LAMP-01,LAMP-01,LAMP-01,order,EGP,690.00,-72.45,-18.00,0,0,0,0,0,0,599.55
DEMO,Demo contract,DEMO-REF,DEMO-N-22-4,DEMO-ITEM-22-4,2026-08-22,2026-08-22,Demo CABLE-05,CABLE-05,CABLE-05,order,EGP,220.00,-31.02,-18.00,0,0,0,0,0,0,170.98
DEMO,Demo contract,DEMO-REF,DEMO-N-23-0,DEMO-ITEM-23-0,2026-08-23,2026-08-23,Demo LAMP-01,LAMP-01,LAMP-01,order,EGP,690.00,-72.45,-18.00,0,0,0,0,0,0,599.55
DEMO,Demo contract,DEMO-REF,DEMO-N-23-2,DEMO-ITEM-23-2,2026-08-23,2026-08-23,Demo DESK-03,DESK-03,DESK-03,order,EGP,1118.60,-137.59,-18.00,0,0,0,0,0,0,963.01
DEMO,Demo contract,DEMO-REF,DEMO-N-23-3,DEMO-ITEM-23-3,2026-08-23,2026-08-23,Demo BAG-04,BAG-04,BAG-04,order,EGP,890.00,-117.48,-18.00,0,0,0,0,0,0,754.52
DEMO,Demo contract,DEMO-REF,DEMO-N-23-5,DEMO-ITEM-23-5,2026-08-23,2026-08-23,Demo STAND-06,STAND-06,STAND-06,order,EGP,540.00,-81.00,-34.00,0,0,0,0,0,0,425.00
DEMO,Demo contract,DEMO-REF,DEMO-N-24-1,DEMO-ITEM-24-1,2026-08-24,2026-08-24,Demo MUG-02,MUG-02,MUG-02,order,EGP,340.00,-78.20,-18.00,0,0,0,0,0,0,243.80
DEMO,Demo contract,DEMO-REF,DEMO-N-24-5,DEMO-ITEM-24-5,2026-08-24,2026-08-24,Demo STAND-06,STAND-06,STAND-06,order,EGP,540.00,-81.00,-34.00,0,0,0,0,0,0,425.00
DEMO,Demo contract,DEMO-REF,DEMO-N-25-0,DEMO-ITEM-25-0,2026-08-25,2026-08-25,Demo LAMP-01,LAMP-01,LAMP-01,order,EGP,690.00,-72.45,-18.00,0,0,0,0,0,0,599.55
DEMO,Demo contract,DEMO-REF,DEMO-N-25-1,DEMO-ITEM-25-1,2026-08-25,2026-08-25,Demo MUG-02,MUG-02,MUG-02,order,EGP,340.00,-78.20,-18.00,0,0,0,0,0,0,243.80
DEMO,Demo contract,DEMO-REF,DEMO-N-25-3,DEMO-ITEM-25-3,2026-08-25,2026-08-25,Demo BAG-04,BAG-04,BAG-04,order,EGP,890.00,-117.48,-18.00,0,0,0,0,0,0,754.52
DEMO,Demo contract,DEMO-REF,DEMO-N-25-4,DEMO-ITEM-25-4,2026-08-25,2026-08-25,Demo CABLE-05,CABLE-05,CABLE-05,order,EGP,220.00,-31.02,-18.00,0,0,0,0,0,0,170.98
DEMO,Demo contract,DEMO-REF,DEMO-N-26-0,DEMO-ITEM-26-0,2026-08-26,2026-08-26,Demo LAMP-01,LAMP-01,LAMP-01,order,EGP,690.00,-72.45,-18.00,0,0,0,0,0,0,599.55
DEMO,Demo contract,DEMO-REF,DEMO-N-26-2,DEMO-ITEM-26-2,2026-08-26,2026-08-26,Demo DESK-03,DESK-03,DESK-03,order,EGP,1118.60,-137.59,-18.00,0,0,0,0,0,0,963.01
DEMO,Demo contract,DEMO-REF,DEMO-N-27-1,DEMO-ITEM-27-1,2026-08-27,2026-08-27,Demo MUG-02,MUG-02,MUG-02,order,EGP,340.00,-78.20,-18.00,0,0,0,0,0,0,243.80
DEMO,Demo contract,DEMO-REF,DEMO-N-27-2,DEMO-ITEM-27-2,2026-08-27,2026-08-27,Demo DESK-03,DESK-03,DESK-03,order,EGP,1118.60,-137.59,-18.00,0,0,0,0,0,0,963.01
DEMO,Demo contract,DEMO-REF,DEMO-N-27-4,DEMO-ITEM-27-4,2026-08-27,2026-08-27,Demo CABLE-05,CABLE-05,CABLE-05,order,EGP,220.00,-31.02,-18.00,0,0,0,0,0,0,170.98
DEMO,Demo contract,DEMO-REF,DEMO-N-27-5,DEMO-ITEM-27-5,2026-08-27,2026-08-27,Demo STAND-06,STAND-06,STAND-06,order,EGP,540.00,-81.00,-34.00,0,0,0,0,0,0,425.00
DEMO,Demo contract,DEMO-REF,DEMO-N-28-1,DEMO-ITEM-28-1,2026-08-28,2026-08-28,Demo MUG-02,MUG-02,MUG-02,order,EGP,340.00,-78.20,-18.00,0,0,0,0,0,0,243.80
DEMO,Demo contract,DEMO-REF,DEMO-N-28-3,DEMO-ITEM-28-3,2026-08-28,2026-08-28,Demo BAG-04,BAG-04,BAG-04,order,EGP,890.00,-117.48,-18.00,0,0,0,0,0,0,754.52
DEMO,Demo contract,DEMO-REF,DEMO-N-UPDATE,DEMO-ITEM-UPDATE,2026-08-22,2026-08-22,Demo MUG-02,MUG-02,MUG-02,order_update,EGP,-340.00,78.20,0,0,0,0,0,0,0,-261.80
DEMO,Demo contract,DEMO-REF,,,2026-08-28,2026-08-28,Demo payout,,,payment,EGP,0,0,0,0,0,0,0,0,-2500.00,-2500.00
